Trial,Endowment,Earned,Choice,Offer,Prop_Endowment
1,17,0,0,3,0.176470588235294
3,15,0,0,1,0.0666666666666667
19,17,0,0,1,0.0588235294117647
25,17,0,0,1,0.0588235294117647
34,25,0,0,2,0.08
35,17,0,0,1,0.0588235294117647
